recipe_id,composition_id,canonical_recipe,portata,vessel_id,primary_master,primary_variant,secondary_masters,detail_masters,sauce_master,status
"r1","COMP_r1","Carpaccio di manzo con rucola e feta","antipasto","VESSEL_PLATE","BEEF","","ARUGULA|FETA|LEMON","","","READY_FOR_ASSET_INSTANTIATION"
"r7","COMP_r7","Bresaola, rucola e grana","antipasto","VESSEL_PLATE","BRESAOLA","","ARUGULA|GRANA|LEMON","","","READY_FOR_ASSET_INSTANTIATION"
"r2","COMP_r2","Poke bowl tonno e avocado","secondo","VESSEL_BOWL","TUNA","","RICE|AVOCADO","SESAME","","READY_FOR_ASSET_INSTANTIATION"
"r3","COMP_r3","Yogurt bowl proteica ai frutti di bosco","colazione","VESSEL_BOWL","YOGURT_BOWL","","GREEK_YOGURT|YOGURT|MIXED_BERRIES|HONEY","","","READY_FOR_ASSET_INSTANTIATION"
"r4","COMP_r4","Bowl calda pollo e spinaci","secondo","VESSEL_BOWL","CHICKEN","","RICE_INTEGRAL|RICE|SPINACH|GARLIC","","","READY_FOR_ASSET_INSTANTIATION"
"r5","COMP_r5","Frittata di albumi, ceci e feta","secondo","VESSEL_PLATE","EGG","","CHICKPEA|EGG_WHITE|FETA","","","READY_FOR_ASSET_INSTANTIATION"
"r6","COMP_r6","Pizza in padella proteica","altro","VESSEL_PIZZA_SURFACE","PIZZA","","BRESAOLA|MOZZARELLA|GREEK_YOGURT|YOGURT","","","READY_FOR_ASSET_INSTANTIATION"
"p01","COMP_p01","Spaghetti alla carbonara","primo","VESSEL_BOWL","PASTA_LONG","","PORK|PECORINO","","","READY_FOR_ASSET_INSTANTIATION"
"p02","COMP_p02","Bucatini all'amatriciana","primo","VESSEL_BOWL","PASTA_LONG","","PORK|TOMATO_SAUCE|PECORINO","","","READY_FOR_ASSET_INSTANTIATION"
"p03","COMP_p03","Rigatoni alla gricia","primo","VESSEL_BOWL","PASTA_SHORT","","PORK|PECORINO","","","READY_FOR_ASSET_INSTANTIATION"
"p04","COMP_p04","Tonnarelli cacio e pepe","primo","VESSEL_BOWL","PASTA_LONG","","PECORINO","","","READY_FOR_ASSET_INSTANTIATION"
"p05","COMP_p05","Spaghetti aglio, olio e peperoncino","primo","VESSEL_BOWL","PASTA_LONG","","GARLIC","","","READY_FOR_ASSET_INSTANTIATION"
"p06","COMP_p06","Penne all'arrabbiata","primo","VESSEL_BOWL","PASTA_SHORT","","TOMATO_SAUCE|GARLIC","","","READY_FOR_ASSET_INSTANTIATION"
"p07","COMP_p07","Spaghetti al pomodoro e basilico","primo","VESSEL_BOWL","PASTA_LONG","","TOMATO_SAUCE|TOMATO|GARLIC","","","READY_FOR_ASSET_INSTANTIATION"
"p08","COMP_p08","Spaghetti alla puttanesca","primo","VESSEL_BOWL","PASTA_LONG","","ANCHOVY|TOMATO_SAUCE|GARLIC|OLIVE","","","READY_FOR_ASSET_INSTANTIATION"
"p09","COMP_p09","Spaghetti alle vongole","primo","VESSEL_BOWL","PASTA_LONG","","CLAM|GARLIC","","","READY_FOR_ASSET_INSTANTIATION"
"p10","COMP_p10","Trenette al pesto con patate e fagiolini","primo","VESSEL_BOWL","POTATO","","GARLIC|GREEN_BEAN|PARMESAN|PECORINO","","PESTO","READY_FOR_ASSET_INSTANTIATION"
"p11","COMP_p11","Tagliatelle al ragù alla bolognese","primo","VESSEL_BOWL","PASTA_EGG","","GROUND_BEEF|BEEF|EGG|TOMATO_SAUCE","","RAGU","READY_FOR_ASSET_INSTANTIATION"
"p12","COMP_p12","Lasagne alla bolognese","primo","VESSEL_BAKING_DISH","LASAGNA","","GROUND_BEEF|BEEF|TOMATO_SAUCE|TOMATO","","","READY_FOR_ASSET_INSTANTIATION"
"p13","COMP_p13","Pasta alla Norma","primo","VESSEL_BOWL","PASTA_LONG","","TOMATO_SAUCE|TOMATO|EGGPLANT|GARLIC","","","READY_FOR_ASSET_INSTANTIATION"
"p14","COMP_p14","Orecchiette con le cime di rapa","primo","VESSEL_BOWL","PASTA_SHORT","","ANCHOVY|GARLIC|TURNIP_GREENS","","","READY_FOR_ASSET_INSTANTIATION"
"p15","COMP_p15","Pasta e fagioli","primo","VESSEL_BOWL","PASTA_LONG","","BEAN|TOMATO_SAUCE|TOMATO|CARROT","","","READY_FOR_ASSET_INSTANTIATION"
"p16","COMP_p16","Pasta e ceci","primo","VESSEL_BOWL","PASTA_LONG","","CHICKPEA|TOMATO_SAUCE|TOMATO|GARLIC","","","READY_FOR_ASSET_INSTANTIATION"
"p17","COMP_p17","Pasta e patate con la provola","primo","VESSEL_BOWL","PASTA_LONG","","POTATO|CARROT|ONION|CELERY","","","READY_FOR_ASSET_INSTANTIATION"
"p18","COMP_p18","Pasta alla genovese","primo","VESSEL_BOWL","PASTA_LONG","","BEEF|CARROT|ONION|CELERY","","","READY_FOR_ASSET_INSTANTIATION"
"p19","COMP_p19","Paccheri alla sorrentina","primo","VESSEL_BOWL","PASTA_SHORT","","TOMATO_SAUCE|TOMATO|GARLIC|MOZZARELLA","","","READY_FOR_ASSET_INSTANTIATION"
"p20","COMP_p20","Pasta alla Norcina","primo","VESSEL_BOWL","PASTA_LONG","","SAUSAGE|PECORINO|CREAM","","","READY_FOR_ASSET_INSTANTIATION"
"p21","COMP_p21","Pasta alla boscaiola","primo","VESSEL_BOWL","PASTA_LONG","","SAUSAGE|TOMATO_SAUCE|TOMATO|MUSHROOM","","","READY_FOR_ASSET_INSTANTIATION"
"p22","COMP_p22","Spaghetti alla Nerano","primo","VESSEL_BOWL","PASTA_LONG","","ZUCCHINI|PROVOLA","","","READY_FOR_ASSET_INSTANTIATION"
"p23","COMP_p23","Pasta con le sarde","primo","VESSEL_BOWL","PASTA_LONG","","SARDINE|ONION","","","READY_FOR_ASSET_INSTANTIATION"
"p24","COMP_p24","Spaghetti allo scoglio","primo","VESSEL_BOWL","PASTA_LONG","","SQUID|MUSSEL|CLAM|SHRIMP","","","READY_FOR_ASSET_INSTANTIATION"
"p25","COMP_p25","Pasta al tonno","primo","VESSEL_BOWL","PASTA_LONG","","TUNA|TOMATO_SAUCE|GARLIC","","","READY_FOR_ASSET_INSTANTIATION"
"p26","COMP_p26","Pasta gorgonzola e noci","primo","VESSEL_BOWL","PASTA_LONG","","GORGONZOLA","","","READY_FOR_ASSET_INSTANTIATION"
"p27","COMP_p27","Pasta al salmone","primo","VESSEL_BOWL","PASTA_LONG","","SALMON|ONION|CREAM","","","READY_FOR_ASSET_INSTANTIATION"
"p28","COMP_p28","Pasta al forno","primo","VESSEL_BAKING_DISH","PASTA_LONG","","GROUND_BEEF|BEEF|TOMATO_SAUCE|TOMATO","","","READY_FOR_ASSET_INSTANTIATION"
"a01","COMP_a01","Bruschetta al pomodoro","antipasto","VESSEL_PLATE","BRUSCHETTA","","BREAD|TOMATO|GARLIC","","","READY_FOR_ASSET_INSTANTIATION"
"a02","COMP_a02","Crostini ai funghi","antipasto","VESSEL_PLATE","CROSTINO","","BREAD|MUSHROOM|GARLIC","","","READY_FOR_ASSET_INSTANTIATION"
"a03","COMP_a03","Crostini toscani","antipasto","VESSEL_PLATE","CROSTINO","","BEEF|ANCHOVY|BREAD|ONION","","","READY_FOR_ASSET_INSTANTIATION"
"a04","COMP_a04","Crostini burro e acciughe","antipasto","VESSEL_PLATE","CROSTINO","","ANCHOVY|BREAD|BUTTER","","","READY_FOR_ASSET_INSTANTIATION"
"a05","COMP_a05","Caprese","antipasto","VESSEL_PLATE","TOMATO","","MOZZARELLA|BUFFALO_MOZZARELLA","","","READY_FOR_ASSET_INSTANTIATION"
"a06","COMP_a06","Burrata con pomodorini secchi","antipasto","VESSEL_PLATE","CHERRY_TOMATO","","BREAD|TOMATO|BURRATA","","","READY_FOR_ASSET_INSTANTIATION"
"a07","COMP_a07","Prosciutto e melone","antipasto","VESSEL_PLATE","PROSCIUTTO","","MELON","","","READY_FOR_ASSET_INSTANTIATION"
"a08","COMP_a08","Prosciutto e fichi","antipasto","VESSEL_PLATE","PROSCIUTTO","","FIG","","","READY_FOR_ASSET_INSTANTIATION"
"a09","COMP_a09","Vitello tonnato","antipasto","VESSEL_PLATE","VEAL","","TUNA|ANCHOVY|CARROT|CELERY","","MAYONNAISE","READY_FOR_ASSET_INSTANTIATION"
"a10","COMP_a10","Tartare di manzo","antipasto","VESSEL_PLATE","BEEF","","LEMON","","MUSTARD_SAUCE","READY_FOR_ASSET_INSTANTIATION"
"a11","COMP_a11","Tartare di tonno e avocado","antipasto","VESSEL_PLATE","TUNA","","AVOCADO|LEMON","","AGRODOLCE","READY_FOR_ASSET_INSTANTIATION"
"a12","COMP_a12","Carpaccio di polpo","antipasto","VESSEL_PLATE","OCTOPUS","","ARUGULA|LEMON","","","READY_FOR_ASSET_INSTANTIATION"
"a13","COMP_a13","Insalata di polpo e patate","antipasto","VESSEL_BOWL","OCTOPUS","","POTATO|OLIVE","PARSLEY","","READY_FOR_ASSET_INSTANTIATION"
"a14","COMP_a14","Insalata di mare","antipasto","VESSEL_BOWL","OCTOPUS","","SQUID|MUSSEL|SHRIMP|CELERY","","","READY_FOR_ASSET_INSTANTIATION"
"a15","COMP_a15","Alici marinate","antipasto","VESSEL_PLATE","GARLIC","","LEMON","","","READY_FOR_ASSET_INSTANTIATION"
"a16","COMP_a16","Sarde in saor","antipasto","VESSEL_PLATE","SARDINE","","ONION","","","READY_FOR_ASSET_INSTANTIATION"
"a17","COMP_a17","Baccalà mantecato","antipasto","VESSEL_PLATE","WHITE_FISH","","POLENTA|GARLIC","","","READY_FOR_ASSET_INSTANTIATION"
"a18","COMP_a18","Cozze alla marinara","antipasto","VESSEL_PLATE","MUSSEL","","BREAD|GARLIC","","","READY_FOR_ASSET_INSTANTIATION"
"a19","COMP_a19","Gamberi al vapore con limone","antipasto","VESSEL_PLATE","SHRIMP","","LEMON","","","READY_FOR_ASSET_INSTANTIATION"
"a20","COMP_a20","Cocktail di gamberi","antipasto","VESSEL_PLATE","SHRIMP","","TOMATO|LEMON","","MAYONNAISE","READY_FOR_ASSET_INSTANTIATION"
"a21","COMP_a21","Capesante gratinate","antipasto","VESSEL_PLATE","SCALLOP","","GARLIC|PARMESAN","","","READY_FOR_ASSET_INSTANTIATION"
"a23","COMP_a23","Caponata","antipasto","VESSEL_PLATE","TOMATO_SAUCE","","TOMATO|EGGPLANT|ONION|CELERY","","","READY_FOR_ASSET_INSTANTIATION"
"a24","COMP_a24","Peperoni in agrodolce","antipasto","VESSEL_PLATE","AGRODOLCE","","PEPPER|ONION","","","READY_FOR_ASSET_INSTANTIATION"
"a25","COMP_a25","Zucchine alla scapece","antipasto","VESSEL_PLATE","ZUCCHINI","","GARLIC","","","READY_FOR_ASSET_INSTANTIATION"
"a26","COMP_a26","Melanzane a funghetto","antipasto","VESSEL_PLATE","EGGPLANT","","CHERRY_TOMATO|GARLIC","","","READY_FOR_ASSET_INSTANTIATION"
"a27","COMP_a27","Carciofi alla giudia","antipasto","VESSEL_PLATE","ARTICHOKE","","LEMON","","","READY_FOR_ASSET_INSTANTIATION"
"a28","COMP_a28","Carciofi alla romana","antipasto","VESSEL_PLATE","ARTICHOKE","","GARLIC","","","READY_FOR_ASSET_INSTANTIATION"
"a29","COMP_a29","Fiori di zucca fritti","antipasto","VESSEL_PLATE","ANCHOVY","","ZUCCHINI|PUMPKIN|MOZZARELLA","","","READY_FOR_ASSET_INSTANTIATION"
"a30","COMP_a30","Panelle","antipasto","VESSEL_PLATE","CHICKPEA","PANELLE_STYLE_CHICKPEA_PREPARATION","BREAD","","","READY_FOR_ASSET_INSTANTIATION"
"a31","COMP_a31","Farinata di ceci","antipasto","VESSEL_PLATE","CHICKPEA","","","","","READY_FOR_ASSET_INSTANTIATION"
"a32","COMP_a32","Olive ascolane","antipasto","VESSEL_PLATE","OLIVE","","GROUND_BEEF|PORK","PARMESAN","","READY_FOR_ASSET_INSTANTIATION"
"a33","COMP_a33","Supplì","antipasto","VESSEL_PLATE","RICE","","EGG|TOMATO_SAUCE|TOMATO|MOZZARELLA","","","READY_FOR_ASSET_INSTANTIATION"
"a34","COMP_a34","Arancini","antipasto","VESSEL_PLATE","RICE","","GROUND_BEEF|BEEF|PEA|CACIOCAVALLO","","","READY_FOR_ASSET_INSTANTIATION"
"a35","COMP_a35","Crocchette di patate","antipasto","VESSEL_PLATE","POTATO","","HAM|EGG|MOZZARELLA|PARMESAN","","","READY_FOR_ASSET_INSTANTIATION"
"a36","COMP_a36","Mozzarella in carrozza","antipasto","VESSEL_PLATE","EGG","","BREAD|MOZZARELLA","","","READY_FOR_ASSET_INSTANTIATION"
"a37","COMP_a37","Frittelle di baccalà","antipasto","VESSEL_PLATE","WHITE_FISH","","BEVERAGE_BOTTLE","","","READY_FOR_ASSET_INSTANTIATION"
"a38","COMP_a38","Calamari fritti","antipasto","VESSEL_PLATE","SQUID","","LEMON","","","READY_FOR_ASSET_INSTANTIATION"
"a39","COMP_a39","Verdure in pastella","antipasto","VESSEL_PLATE","ZUCCHINI","","CAULIFLOWER|ARTICHOKE","","","READY_FOR_ASSET_INSTANTIATION"
"a40","COMP_a40","Panzanella","antipasto","VESSEL_PLATE","BREAD","","TOMATO|ONION|RED_ONION|CUCUMBER","","","READY_FOR_ASSET_INSTANTIATION"
"a41","COMP_a41","Insalata di farro","antipasto","VESSEL_BOWL","FARRO","","CHERRY_TOMATO|MOZZARELLA|OLIVE","","","READY_FOR_ASSET_INSTANTIATION"
"a42","COMP_a42","Pinzimonio","antipasto","VESSEL_PLATE","PEPPER","","CARROT|CELERY|FENNEL","","","READY_FOR_ASSET_INSTANTIATION"
"a43","COMP_a43","Bagna cauda","antipasto","VESSEL_PLATE","ANCHOVY","","PEPPER|CARROT|GARLIC|BUTTER","","","READY_FOR_ASSET_INSTANTIATION"
"a44","COMP_a44","Insalata russa","antipasto","VESSEL_BOWL","POTATO","","CARROT|PEA","","MAYONNAISE","READY_FOR_ASSET_INSTANTIATION"
"a45","COMP_a45","Uova ripiene al tonno","antipasto","VESSEL_PLATE","TUNA","","EGG","","MAYONNAISE","READY_FOR_ASSET_INSTANTIATION"
"a46","COMP_a46","Frittatine di pasta","antipasto","VESSEL_PLATE","HAM","","PEA|PROVOLA|BUTTER","","","READY_FOR_ASSET_INSTANTIATION"
"a47","COMP_a47","Torta pasqualina","antipasto","VESSEL_PLATE","CAKE","","EGG|RICOTTA|PARMESAN","","","READY_FOR_ASSET_INSTANTIATION"
"a48","COMP_a48","Torta salata ricotta e spinaci","antipasto","VESSEL_PLATE","CAKE","","EGG|SPINACH|RICOTTA|PARMESAN","","","READY_FOR_ASSET_INSTANTIATION"
"a49","COMP_a49","Sformato di cavolfiore","antipasto","VESSEL_PLATE","CAULIFLOWER","","EGG|PARMESAN|BUTTER","","","READY_FOR_ASSET_INSTANTIATION"
"a50","COMP_a50","Flan di parmigiano","antipasto","VESSEL_PLATE","EGG","","PARMESAN|CREAM","","","READY_FOR_ASSET_INSTANTIATION"
"a51","COMP_a51","Ricotta al forno","antipasto","VESSEL_PLATE","RICOTTA","","","","","READY_FOR_ASSET_INSTANTIATION"
"a52","COMP_a52","Tomino al forno con speck","antipasto","VESSEL_PLATE","SCAMORZA","","HONEY","","","READY_FOR_ASSET_INSTANTIATION"
"a53","COMP_a53","Verdure grigliate","antipasto","VESSEL_PLATE","ZUCCHINI","","EGGPLANT|PEPPER|GARLIC","","","READY_FOR_ASSET_INSTANTIATION"
"a54","COMP_a54","Crescentine con affettati","antipasto","VESSEL_PLATE","BREAD","","BEVERAGE_BOTTLE|PROSCIUTTO|STRACCHINO","","","READY_FOR_ASSET_INSTANTIATION"
"a55","COMP_a55","Insalata di rinforzo","antipasto","VESSEL_BOWL","ANCHOVY","","CAULIFLOWER|OLIVE","","","READY_FOR_ASSET_INSTANTIATION"
"b01","COMP_b01","Risotto alla milanese","primo","VESSEL_BOWL","RISOTTO","","RICE|ONION|PARMESAN|BUTTER","","","READY_FOR_ASSET_INSTANTIATION"
"b02","COMP_b02","Risotto ai funghi porcini","primo","VESSEL_BOWL","RISOTTO","","RICE|MUSHROOM|PORCINI|ONION","","","READY_FOR_ASSET_INSTANTIATION"
"b03","COMP_b03","Risotto alla pescatora","primo","VESSEL_BOWL","RISOTTO","","RICE|SQUID|MUSSEL|CLAM","","","READY_FOR_ASSET_INSTANTIATION"
"b04","COMP_b04","Risotto al radicchio e gorgonzola","primo","VESSEL_BOWL","RISOTTO","","RICE|ONION|RADICCHIO|GORGONZOLA","","","READY_FOR_ASSET_INSTANTIATION"
"b05","COMP_b05","Risotto alla zucca","primo","VESSEL_BOWL","RISOTTO","","RICE|ONION|PUMPKIN|PARMESAN","","","READY_FOR_ASSET_INSTANTIATION"
"b06","COMP_b06","Risotto al limone","primo","VESSEL_BOWL","RISOTTO","","RICE|ONION|PARMESAN|BUTTER","","","READY_FOR_ASSET_INSTANTIATION"
"b07","COMP_b07","Risotto agli asparagi","primo","VESSEL_BOWL","RISOTTO","","RICE|ONION|ASPARAGUS|PARMESAN","","","READY_FOR_ASSET_INSTANTIATION"
"b08","COMP_b08","Risotto ai frutti di mare e bottarga","primo","VESSEL_BOWL","RISOTTO","","RICE|CLAM|SHRIMP","","","READY_FOR_ASSET_INSTANTIATION"
"b09","COMP_b09","Risotto al Castelmagno","primo","VESSEL_BOWL","RISOTTO","","RICE|ONION|FONTINA|BUTTER","","","READY_FOR_ASSET_INSTANTIATION"
"b10","COMP_b10","Gnocchi al pomodoro e basilico","primo","VESSEL_BOWL","GNOCCHI","","EGG|POTATO|TOMATO_SAUCE|TOMATO","","","READY_FOR_ASSET_INSTANTIATION"
"b11","COMP_b11","Gnocchi alla sorrentina","primo","VESSEL_BOWL","GNOCCHI","","POTATO|TOMATO_SAUCE|TOMATO|MOZZARELLA","","","READY_FOR_ASSET_INSTANTIATION"
"b12","COMP_b12","Gnocchi burro e salvia","primo","VESSEL_BOWL","GNOCCHI","","POTATO|PARMESAN|BUTTER","","BUTTER_SAGE","READY_FOR_ASSET_INSTANTIATION"
"b13","COMP_b13","Gnocchi alla romana","primo","VESSEL_BOWL","GNOCCHI","","EGG|PARMESAN|BUTTER","","","READY_FOR_ASSET_INSTANTIATION"
"b14","COMP_b14","Canederli in brodo","primo","VESSEL_BOWL","EGG","","BREAD","","","READY_FOR_ASSET_INSTANTIATION"
"b15","COMP_b15","Tortellini in brodo","primo","VESSEL_BOWL","FILLED_PASTA","","PASTA_EGG|PORK|PROSCIUTTO|MORTADELLA","","","READY_FOR_ASSET_INSTANTIATION"
"b16","COMP_b16","Ravioli ricotta e spinaci burro e salvia","primo","VESSEL_BOWL","FILLED_PASTA","","PASTA_EGG|EGG|SPINACH|RICOTTA","","BUTTER_SAGE","READY_FOR_ASSET_INSTANTIATION"
"b17","COMP_b17","Cannelloni ricotta e spinaci","primo","VESSEL_BAKING_DISH","LASAGNA","","PASTA_EGG|EGG|TOMATO_SAUCE|TOMATO","","","READY_FOR_ASSET_INSTANTIATION"
"b18","COMP_b18","Lasagne al pesto","primo","VESSEL_BAKING_DISH","LASAGNA","","POTATO|GREEN_BEAN|PARMESAN|BUTTER","","PESTO","READY_FOR_ASSET_INSTANTIATION"
"b19","COMP_b19","Pasticcio di carne al forno","primo","VESSEL_BOWL","LASAGNA","","GROUND_BEEF|BEEF|TOMATO_SAUCE|TOMATO","","","READY_FOR_ASSET_INSTANTIATION"
"b20","COMP_b20","Zuppa di ceci e rosmarino","primo","VESSEL_BOWL","CHICKPEA","","POTATO|BREAD|ONION|GARLIC","","","READY_FOR_ASSET_INSTANTIATION"
"b21","COMP_b21","Minestrone","primo","VESSEL_BOWL","BEAN","","POTATO|ZUCCHINI|CARROT|CELERY","","","READY_FOR_ASSET_INSTANTIATION"
"b22","COMP_b22","Zuppa di lenticchie","primo","VESSEL_BOWL","LENTIL","","BREAD|TOMATO_SAUCE|TOMATO|CARROT","","","READY_FOR_ASSET_INSTANTIATION"
"b23","COMP_b23","Ribollita","primo","VESSEL_BOWL","BEAN","","BREAD|TOMATO_SAUCE|TOMATO|CARROT","","","READY_FOR_ASSET_INSTANTIATION"
"b24","COMP_b24","Zuppa di cavolfiore e patate","primo","VESSEL_BOWL","POTATO","","BREAD|CAULIFLOWER|PARMESAN","","","READY_FOR_ASSET_INSTANTIATION"
"b25","COMP_b25","Zuppa di farro e fagioli","primo","VESSEL_BOWL","FARRO","","BEAN|TOMATO_SAUCE|TOMATO|CARROT","","","READY_FOR_ASSET_INSTANTIATION"
"b26","COMP_b26","Zuppa di cipolle","primo","VESSEL_BOWL","BREAD","","ONION|FONTINA|BUTTER","","","READY_FOR_ASSET_INSTANTIATION"
"b27","COMP_b27","Vellutata di zucca","primo","VESSEL_BOWL","PUMPKIN","","POTATO|BREAD|ONION","","","READY_FOR_ASSET_INSTANTIATION"
"b28","COMP_b28","Passato di verdure","primo","VESSEL_BOWL","POTATO","","ZUCCHINI|CARROT|CELERY|PARMESAN","","","READY_FOR_ASSET_INSTANTIATION"
"b29","COMP_b29","Stracciatella in brodo","primo","VESSEL_BOWL","EGG","","PARMESAN","","","READY_FOR_ASSET_INSTANTIATION"
"b30","COMP_b30","Pasta e piselli","primo","VESSEL_BOWL","PASTA_LONG","","PORK|ONION|PEA|PARMESAN","","","READY_FOR_ASSET_INSTANTIATION"
"b31","COMP_b31","Pasta e zucca","primo","VESSEL_BOWL","PASTA_LONG","","ONION|PUMPKIN|PROVOLA","","","READY_FOR_ASSET_INSTANTIATION"
"b32","COMP_b32","Pasta e lenticchie","primo","VESSEL_BOWL","PASTA_LONG","","LENTIL|TOMATO_SAUCE|TOMATO|CARROT","","","READY_FOR_ASSET_INSTANTIATION"
"b33","COMP_b33","Pasta e cozze","primo","VESSEL_BOWL","PASTA_LONG","","MUSSEL|CHERRY_TOMATO|GARLIC","","","READY_FOR_ASSET_INSTANTIATION"
"b34","COMP_b34","Pasta con i broccoli","primo","VESSEL_BOWL","PASTA_LONG","","ANCHOVY|BROCCOLI|GARLIC","","","READY_FOR_ASSET_INSTANTIATION"
"b35","COMP_b35","Pasta con fave e cicoria","primo","VESSEL_BOWL","PASTA_LONG","","POTATO|CHICORY","","","READY_FOR_ASSET_INSTANTIATION"
"b36","COMP_b36","Pizzoccheri della Valtellina","primo","VESSEL_BOWL","POTATO","","GARLIC|CABBAGE|PARMESAN|FONTINA","","","READY_FOR_ASSET_INSTANTIATION"
"b37","COMP_b37","Malloreddus alla campidanese","primo","VESSEL_BOWL","SAUSAGE","","TOMATO_SAUCE|TOMATO|ONION|PECORINO","","","READY_FOR_ASSET_INSTANTIATION"
"b38","COMP_b38","Fregola con le arselle","primo","VESSEL_BOWL","COUSCOUS","","CLAM|CHERRY_TOMATO|GARLIC","","","READY_FOR_ASSET_INSTANTIATION"
"b39","COMP_b39","Tajarin al burro e tartufo","primo","VESSEL_BOWL","PASTA_EGG","","PARMESAN","TRUFFLE","BUTTER_SAGE","READY_FOR_ASSET_INSTANTIATION"
"b40","COMP_b40","Bigoli in salsa","primo","VESSEL_BOWL","ANCHOVY","","ONION","","","READY_FOR_ASSET_INSTANTIATION"
"b41","COMP_b41","Agnolotti del plin al sugo d'arrosto","primo","VESSEL_BOWL","FILLED_PASTA","","PASTA_EGG|PORK|VEAL|EGG","","","READY_FOR_ASSET_INSTANTIATION"
"b42","COMP_b42","Casoncelli alla bergamasca","primo","VESSEL_BOWL","PASTA_EGG","","GROUND_BEEF|BEEF|PORK|SALAMI","","","READY_FOR_ASSET_INSTANTIATION"
"b43","COMP_b43","Culurgiones","primo","VESSEL_BOWL","PASTA_EGG","","EGG|POTATO|TOMATO_SAUCE|TOMATO","","","READY_FOR_ASSET_INSTANTIATION"
"b44","COMP_b44","Timballo di anelletti","primo","VESSEL_BOWL","GROUND_BEEF","","BEEF|TOMATO_SAUCE|TOMATO|EGGPLANT","","","READY_FOR_ASSET_INSTANTIATION"
"b45","COMP_b45","Crespelle ai funghi","primo","VESSEL_BOWL","MUSHROOM","","EGG|PARMESAN|BUTTER","","","READY_FOR_ASSET_INSTANTIATION"
"b46","COMP_b46","Polenta concia","primo","VESSEL_BOWL","POLENTA","","PARMESAN|FONTINA|BUTTER","","","READY_FOR_ASSET_INSTANTIATION"
"b47","COMP_b47","Polenta e funghi","primo","VESSEL_BOWL","POLENTA","","TOMATO_SAUCE|TOMATO|MUSHROOM|PORCINI","","","READY_FOR_ASSET_INSTANTIATION"
"b48","COMP_b48","Zuppa di pesce","primo","VESSEL_BOWL","SQUID","","MUSSEL|CLAM|SHRIMP|BREAD","","","READY_FOR_ASSET_INSTANTIATION"
"b49","COMP_b49","Cacciucco","primo","VESSEL_BOWL","OCTOPUS","","SQUID|MUSSEL|SHRIMP|BREAD","","","READY_FOR_ASSET_INSTANTIATION"
"b50","COMP_b50","Riso e prezzemolo","primo","VESSEL_BOWL","RICE","","PARMESAN","","","READY_FOR_ASSET_INSTANTIATION"
"b51","COMP_b51","Insalata di riso","primo","VESSEL_BOWL","RICE","","TUNA|CHERRY_TOMATO|CORN|MOZZARELLA","","","READY_FOR_ASSET_INSTANTIATION"
"b52","COMP_b52","Riso al salto","primo","VESSEL_BOWL","RICE","","PARMESAN|BUTTER","","","READY_FOR_ASSET_INSTANTIATION"
"b53","COMP_b53","Farro alle verdure","primo","VESSEL_BOWL","FARRO","","CHERRY_TOMATO|ZUCCHINI|PEPPER","","","READY_FOR_ASSET_INSTANTIATION"
"b54","COMP_b54","Cous cous di pesce","primo","VESSEL_BOWL","COUSCOUS","","SQUID|SHRIMP|TOMATO_SAUCE|TOMATO","","","READY_FOR_ASSET_INSTANTIATION"
"b55","COMP_b55","Orzotto ai funghi","primo","VESSEL_BOWL","MUSHROOM","","ONION|PARMESAN","","","READY_FOR_ASSET_INSTANTIATION"
"c01","COMP_c01","Cotoletta alla milanese","secondo","VESSEL_PLATE","VEAL","","EGG|BUTTER|LEMON","","","READY_FOR_ASSET_INSTANTIATION"
"c02","COMP_c02","Ossobuco alla milanese","secondo","VESSEL_PLATE","VEAL","","CARROT|ONION|GARLIC|CELERY","","","READY_FOR_ASSET_INSTANTIATION"
"c03","COMP_c03","Brasato al Barolo","secondo","VESSEL_PLATE","BEEF","","CARROT|ONION|CELERY","","","READY_FOR_ASSET_INSTANTIATION"
"c04","COMP_c04","Bollito di manzo con salsa verde","secondo","VESSEL_PLATE","BEEF","","ANCHOVY|BREAD|CARROT|ONION","","GREEN_SAUCE","READY_FOR_ASSET_INSTANTIATION"
"c05","COMP_c05","Tagliata di manzo con rucola","secondo","VESSEL_PLATE","BEEF","","ARUGULA|GRANA","","","READY_FOR_ASSET_INSTANTIATION"
"c06","COMP_c06","Filetto al pepe verde","secondo","VESSEL_PLATE","BEEF","","CREAM|BUTTER","","","READY_FOR_ASSET_INSTANTIATION"
"c07","COMP_c07","Straccetti di manzo con rucola","secondo","VESSEL_PLATE","BEEF","","CHERRY_TOMATO|ARUGULA|LEMON","","","READY_FOR_ASSET_INSTANTIATION"
"c08","COMP_c08","Polpette al sugo","secondo","VESSEL_PLATE","BEEF","","GROUND_BEEF|EGG|BREAD|TOMATO_SAUCE","","","READY_FOR_ASSET_INSTANTIATION"
"c09","COMP_c09","Polpettone al forno","secondo","VESSEL_PLATE","BEEF","","GROUND_BEEF|HAM|EGG|BREAD","","","READY_FOR_ASSET_INSTANTIATION"
"c10","COMP_c10","Involtini di carne al sugo","secondo","VESSEL_PLATE","BEEF","","HAM|TOMATO_SAUCE|TOMATO|PECORINO","","","READY_FOR_ASSET_INSTANTIATION"
"c11","COMP_c11","Spezzatino con patate","secondo","VESSEL_PLATE","BEEF","","POTATO|TOMATO_SAUCE|TOMATO|CARROT","","","READY_FOR_ASSET_INSTANTIATION"
"c12","COMP_c12","Peposo alla fornacina","secondo","VESSEL_PLATE","BEEF","","TOMATO_SAUCE|TOMATO|GARLIC","","","READY_FOR_ASSET_INSTANTIATION"
"c13","COMP_c13","Scaloppine al limone","secondo","VESSEL_PLATE","VEAL","","BUTTER|LEMON","","","READY_FOR_ASSET_INSTANTIATION"
"c14","COMP_c14","Scaloppine al marsala","secondo","VESSEL_PLATE","VEAL","","BUTTER","","","READY_FOR_ASSET_INSTANTIATION"
"c15","COMP_c15","Saltimbocca alla romana","secondo","VESSEL_PLATE","VEAL","","PROSCIUTTO|BUTTER","","","READY_FOR_ASSET_INSTANTIATION"
"c16","COMP_c16","Scaloppine ai funghi","secondo","VESSEL_PLATE","VEAL","","MUSHROOM|BUTTER","","","READY_FOR_ASSET_INSTANTIATION"
"c17","COMP_c17","Arrosto di vitello","secondo","VESSEL_PLATE","VEAL","","CARROT|ONION|CELERY","","","READY_FOR_ASSET_INSTANTIATION"
"c18","COMP_c18","Arista di maiale al forno","secondo","VESSEL_PLATE","PORK","","POTATO|GARLIC","","","READY_FOR_ASSET_INSTANTIATION"
"c19","COMP_c19","Costine al forno","secondo","VESSEL_PLATE","PORK","COSTINE","GARLIC|HONEY","","MUSTARD_SAUCE","READY_FOR_ASSET_INSTANTIATION"
"c20","COMP_c20","Salsiccia e friarielli","secondo","VESSEL_PLATE","SAUSAGE","","GARLIC|TURNIP_GREENS","","","READY_FOR_ASSET_INSTANTIATION"
"c21","COMP_c21","Salsiccia e patate al forno","secondo","VESSEL_PLATE","SAUSAGE","","POTATO","","","READY_FOR_ASSET_INSTANTIATION"
"c22","COMP_c22","Pollo arrosto con patate","secondo","VESSEL_PLATE","CHICKEN","","POTATO|GARLIC|LEMON","","","READY_FOR_ASSET_INSTANTIATION"
"c23","COMP_c23","Pollo alla cacciatora","secondo","VESSEL_PLATE","CHICKEN","","TOMATO_SAUCE|TOMATO|CARROT|ONION","","","READY_FOR_ASSET_INSTANTIATION"
"c24","COMP_c24","Pollo alla diavola","secondo","VESSEL_PLATE","CHICKEN","","LEMON","","","READY_FOR_ASSET_INSTANTIATION"
"c25","COMP_c25","Petto di pollo alla piastra","secondo","VESSEL_PLATE","CHICKEN","","LEMON","","","READY_FOR_ASSET_INSTANTIATION"
"c26","COMP_c26","Pollo al limone","secondo","VESSEL_PLATE","CHICKEN","","LEMON","","","READY_FOR_ASSET_INSTANTIATION"
"c27","COMP_c27","Cotoletta di pollo al forno","secondo","VESSEL_PLATE","CHICKEN","","EGG|PARMESAN","","","READY_FOR_ASSET_INSTANTIATION"
"c28","COMP_c28","Bocconcini di pollo alle verdure","secondo","VESSEL_PLATE","CHICKEN","","ZUCCHINI|PEPPER|ONION","","AGRODOLCE","READY_FOR_ASSET_INSTANTIATION"
"c29","COMP_c29","Fesa di tacchino in padella","secondo","VESSEL_PLATE","TURKEY","","MUSHROOM","","","READY_FOR_ASSET_INSTANTIATION"
"c30","COMP_c30","Coniglio alla ligure","secondo","VESSEL_PLATE","CHICKEN","RABBIT_VISUAL_SUBSTITUTE","GARLIC|OLIVE","","","READY_FOR_ASSET_INSTANTIATION"
"c31","COMP_c31","Coniglio all'ischitana","secondo","VESSEL_PLATE","CHICKEN","RABBIT_VISUAL_SUBSTITUTE","CHERRY_TOMATO|GARLIC","","","READY_FOR_ASSET_INSTANTIATION"
"c32","COMP_c32","Agnello al forno con patate","secondo","VESSEL_PLATE","LAMB","","POTATO|GARLIC","","","READY_FOR_ASSET_INSTANTIATION"
"c33","COMP_c33","Abbacchio a scottadito","secondo","VESSEL_PLATE","LAMB","","GARLIC|LEMON","","","READY_FOR_ASSET_INSTANTIATION"
"c34","COMP_c34","Trippa alla romana","secondo","VESSEL_PLATE","BEEF","TRIPE_WHEN_RECIPE_REQUIRES_A_BEEF_LIKE_VISUAL_SUBSTITUTE","TOMATO_SAUCE|TOMATO|CARROT|ONION","","","READY_FOR_ASSET_INSTANTIATION"
"c35","COMP_c35","Fegato alla veneziana","secondo","VESSEL_PLATE","BEEF","LIVER","ONION|BUTTER","","","READY_FOR_ASSET_INSTANTIATION"
"c36","COMP_c36","Cotechino con lenticchie","secondo","VESSEL_PLATE","LENTIL","","SALAMI|TOMATO_SAUCE|TOMATO|CARROT","","","READY_FOR_ASSET_INSTANTIATION"
"c37","COMP_c37","Bistecca alla fiorentina","secondo","VESSEL_PLATE","BEEF","","","","","READY_FOR_ASSET_INSTANTIATION"
"c38","COMP_c38","Braciole di maiale ai ferri","secondo","VESSEL_PLATE","PORK","","LEMON","","","READY_FOR_ASSET_INSTANTIATION"
"c39","COMP_c39","Spiedini di carne misti","secondo","VESSEL_PLATE","CHICKEN","","PORK|SAUSAGE|PEPPER|ONION","","","READY_FOR_ASSET_INSTANTIATION"
"c40","COMP_c40","Rollè di tacchino ripieno","secondo","VESSEL_PLATE","TURKEY","","HAM|SPINACH|RICOTTA|PARMESAN","","","READY_FOR_ASSET_INSTANTIATION"
"c41","COMP_c41","Polpette di pollo al limone","secondo","VESSEL_PLATE","CHICKEN","","GROUND_BEEF|EGG|PARMESAN|LEMON","","","READY_FOR_ASSET_INSTANTIATION"
"c42","COMP_c42","Vitello alle verdure in padella","secondo","VESSEL_PLATE","VEAL","","ZUCCHINI|CARROT|ONION","","","READY_FOR_ASSET_INSTANTIATION"
"c43","COMP_c43","Hamburger di manzo alla piastra","secondo","VESSEL_PLATE","BEEF","","GROUND_BEEF|TOMATO|ONION","","","READY_FOR_ASSET_INSTANTIATION"
"c44","COMP_c44","Costolette di agnello in crosta di erbe","secondo","VESSEL_PLATE","LAMB","","","","MUSTARD_SAUCE","READY_FOR_ASSET_INSTANTIATION"
"c45","COMP_c45","Porchetta arrosto","secondo","VESSEL_PLATE","PORK","","GARLIC","","","READY_FOR_ASSET_INSTANTIATION"
"d01","COMP_d01","Branzino all'acqua pazza","secondo","VESSEL_PLATE","SEA_BASS","","CHERRY_TOMATO|GARLIC","","","READY_FOR_ASSET_INSTANTIATION"
"d02","COMP_d02","Orata al forno con patate","secondo","VESSEL_PLATE","SEA_BREAM","","POTATO|CHERRY_TOMATO|OLIVE","","","READY_FOR_ASSET_INSTANTIATION"
"d03","COMP_d03","Branzino al sale","secondo","VESSEL_PLATE","SEA_BASS","","LEMON","","","READY_FOR_ASSET_INSTANTIATION"
"d04","COMP_d04","Baccalà alla vicentina","secondo","VESSEL_PLATE","WHITE_FISH","","POLENTA|ANCHOVY|ONION|PARMESAN","","","READY_FOR_ASSET_INSTANTIATION"
"d05","COMP_d05","Baccalà in umido con patate","secondo","VESSEL_PLATE","WHITE_FISH","","POTATO|TOMATO_SAUCE|TOMATO|ONION","","","READY_FOR_ASSET_INSTANTIATION"
"d06","COMP_d06","Salmone al forno con erbe","secondo","VESSEL_PLATE","SALMON","","LEMON","","","READY_FOR_ASSET_INSTANTIATION"
"d07","COMP_d07","Salmone in padella al limone","secondo","VESSEL_PLATE","SALMON","","LEMON","","","READY_FOR_ASSET_INSTANTIATION"
"d08","COMP_d08","Tonno scottato al sesamo","secondo","VESSEL_PLATE","TUNA","","","","AGRODOLCE","READY_FOR_ASSET_INSTANTIATION"
"d09","COMP_d09","Tonno alla siciliana","secondo","VESSEL_PLATE","TUNA","","ONION|OLIVE","","","READY_FOR_ASSET_INSTANTIATION"
"d10","COMP_d10","Pesce spada alla ghiotta","secondo","VESSEL_PLATE","SWORDFISH","","CHERRY_TOMATO|ONION|CELERY|OLIVE","","","READY_FOR_ASSET_INSTANTIATION"
"d11","COMP_d11","Pesce spada alla piastra","secondo","VESSEL_PLATE","SWORDFISH","","LEMON","","","READY_FOR_ASSET_INSTANTIATION"
"d12","COMP_d12","Sgombro al forno con patate","secondo","VESSEL_PLATE","MACKEREL","","POTATO|CHERRY_TOMATO|LEMON","","","READY_FOR_ASSET_INSTANTIATION"
"d13","COMP_d13","Alici arraganate","secondo","VESSEL_PLATE","GARLIC","","LEMON","","","READY_FOR_ASSET_INSTANTIATION"
"d14","COMP_d14","Alici fritte","secondo","VESSEL_PLATE","LEMON","","","","","READY_FOR_ASSET_INSTANTIATION"
"d15","COMP_d15","Sarde a beccafico","secondo","VESSEL_PLATE","SARDINE","","ORANGE","","","READY_FOR_ASSET_INSTANTIATION"
"d16","COMP_d16","Polpo alla luciana","secondo","VESSEL_PLATE","OCTOPUS","","CHERRY_TOMATO|GARLIC","","","READY_FOR_ASSET_INSTANTIATION"
"d17","COMP_d17","Seppie con piselli","secondo","VESSEL_PLATE","SQUID","","TOMATO_SAUCE|TOMATO|ONION|PEA","","","READY_FOR_ASSET_INSTANTIATION"
"d18","COMP_d18","Calamari ripieni","secondo","VESSEL_PLATE","SQUID","","CHERRY_TOMATO|GARLIC|PARMESAN","","","READY_FOR_ASSET_INSTANTIATION"
"d19","COMP_d19","Calamari in umido","secondo","VESSEL_PLATE","SQUID","","POTATO|TOMATO_SAUCE|TOMATO|GARLIC","","","READY_FOR_ASSET_INSTANTIATION"
"d20","COMP_d20","Gamberoni all'aglio","secondo","VESSEL_PLATE","SHRIMP","","GARLIC","","","READY_FOR_ASSET_INSTANTIATION"
"d21","COMP_d21","Fritto misto di mare","secondo","VESSEL_PLATE","SQUID","","SHRIMP|LEMON","","","READY_FOR_ASSET_INSTANTIATION"
"d22","COMP_d22","Cozze gratinate","secondo","VESSEL_PLATE","MUSSEL","","GARLIC|PARMESAN","","","READY_FOR_ASSET_INSTANTIATION"
"d23","COMP_d23","Trota alle mandorle","secondo","VESSEL_PLATE","TROUT","","BUTTER|LEMON","","","READY_FOR_ASSET_INSTANTIATION"
"d24","COMP_d24","Merluzzo gratinato","secondo","VESSEL_PLATE","COD","","GARLIC|LEMON","","","READY_FOR_ASSET_INSTANTIATION"
"d25","COMP_d25","Merluzzo con pomodorini e olive","secondo","VESSEL_PLATE","COD","","CHERRY_TOMATO|GARLIC|OLIVE","","","READY_FOR_ASSET_INSTANTIATION"
"d26","COMP_d26","Rana pescatrice in guazzetto","secondo","VESSEL_PLATE","CHERRY_TOMATO","","GARLIC","","","READY_FOR_ASSET_INSTANTIATION"
"d27","COMP_d27","Frittata di cipolle","secondo","VESSEL_PLATE","EGG","","ONION|PARMESAN","","","READY_FOR_ASSET_INSTANTIATION"
"d28","COMP_d28","Frittata di zucchine","secondo","VESSEL_PLATE","EGG","","ZUCCHINI|PARMESAN","","","READY_FOR_ASSET_INSTANTIATION"
"d29","COMP_d29","Frittata di patate","secondo","VESSEL_PLATE","EGG","","POTATO|ONION|PARMESAN","","","READY_FOR_ASSET_INSTANTIATION"
"d30","COMP_d30","Uova in purgatorio","secondo","VESSEL_PLATE","EGG","","BREAD|TOMATO_SAUCE|TOMATO|GARLIC","","","READY_FOR_ASSET_INSTANTIATION"
"d31","COMP_d31","Uova in cocotte con spinaci","secondo","VESSEL_PLATE","EGG","","SPINACH|PARMESAN|CREAM|BUTTER","","","READY_FOR_ASSET_INSTANTIATION"
"d32","COMP_d32","Parmigiana di melanzane","secondo","VESSEL_BAKING_DISH","EGGPLANT","","TOMATO_SAUCE|TOMATO|MOZZARELLA|PARMESAN","","","READY_FOR_ASSET_INSTANTIATION"
"d33","COMP_d33","Parmigiana di zucchine","secondo","VESSEL_BAKING_DISH","ZUCCHINI","","TOMATO_SAUCE|TOMATO|MOZZARELLA|PARMESAN","","","READY_FOR_ASSET_INSTANTIATION"
"d34","COMP_d34","Melanzane ripiene","secondo","VESSEL_PLATE","EGGPLANT","","CHERRY_TOMATO|MOZZARELLA|PARMESAN","","","READY_FOR_ASSET_INSTANTIATION"
"d35","COMP_d35","Peperoni ripieni","secondo","VESSEL_PLATE","RICE","","TOMATO_SAUCE|TOMATO|PEPPER|PARMESAN","","","READY_FOR_ASSET_INSTANTIATION"
"d36","COMP_d36","Pomodori ripieni di riso","secondo","VESSEL_PLATE","RICE","","POTATO|TOMATO|GARLIC","","","READY_FOR_ASSET_INSTANTIATION"
"d37","COMP_d37","Zucchine ripiene","secondo","VESSEL_PLATE","EGG","","ZUCCHINI|RICOTTA|PARMESAN","","","READY_FOR_ASSET_INSTANTIATION"
"d38","COMP_d38","Polpette di melanzane","secondo","VESSEL_PLATE","GROUND_BEEF","","EGG|EGGPLANT|GARLIC|PARMESAN","","","READY_FOR_ASSET_INSTANTIATION"
"d39","COMP_d39","Polpette di ricotta e spinaci","secondo","VESSEL_PLATE","GROUND_BEEF","","EGG|TOMATO_SAUCE|TOMATO|SPINACH","","","READY_FOR_ASSET_INSTANTIATION"
"d40","COMP_d40","Scamorza alla piastra","secondo","VESSEL_PLATE","SCAMORZA","","BREAD","","","READY_FOR_ASSET_INSTANTIATION"
"d41","COMP_d41","Verdure gratinate al forno","secondo","VESSEL_PLATE","TOMATO","","ZUCCHINI|EGGPLANT|PEPPER|PARMESAN","","","READY_FOR_ASSET_INSTANTIATION"
"d42","COMP_d42","Insalata di pollo e verdure","secondo","VESSEL_BOWL","CHICKEN","","CHERRY_TOMATO|CORN|LEMON","","","READY_FOR_ASSET_INSTANTIATION"
"d43","COMP_d43","Insalata di tonno e fagioli","secondo","VESSEL_BOWL","TUNA","","BEAN|ONION|RED_ONION","","","READY_FOR_ASSET_INSTANTIATION"
"d44","COMP_d44","Fagioli all'uccelletto","secondo","VESSEL_PLATE","BEAN","","TOMATO_SAUCE|TOMATO|GARLIC","","","READY_FOR_ASSET_INSTANTIATION"
"d45","COMP_d45","Ceci in umido","secondo","VESSEL_PLATE","CHICKPEA","","BREAD|TOMATO_SAUCE|TOMATO|ONION","","","READY_FOR_ASSET_INSTANTIATION"
"d46","COMP_d46","Lenticchie in umido","secondo","VESSEL_PLATE","LENTIL","","TOMATO_SAUCE|TOMATO|CARROT|ONION","","","READY_FOR_ASSET_INSTANTIATION"
"f01","COMP_f01","Pollo marinato allo yogurt greco","secondo","VESSEL_PLATE","CHICKEN","","GARLIC|GREEK_YOGURT|YOGURT|LEMON","","","READY_FOR_ASSET_INSTANTIATION"
"f02","COMP_f02","Involtini di pollo e spinaci","secondo","VESSEL_PLATE","CHICKEN","","SPINACH|RICOTTA|PARMESAN","","","READY_FOR_ASSET_INSTANTIATION"
"f03","COMP_f03","Pollo al curry con yogurt","secondo","VESSEL_PLATE","CHICKEN","","ONION|GREEK_YOGURT|YOGURT","","","READY_FOR_ASSET_INSTANTIATION"
"f04","COMP_f04","Spiedini di pollo e verdure al forno","secondo","VESSEL_PLATE","CHICKEN","","ZUCCHINI|PEPPER|ONION|RED_ONION","","","READY_FOR_ASSET_INSTANTIATION"
"f05","COMP_f05","Pollo e broccoli in padella","secondo","VESSEL_PLATE","CHICKEN","","BROCCOLI|GARLIC","","AGRODOLCE","READY_FOR_ASSET_INSTANTIATION"
"f06","COMP_f06","Petto di pollo ripieno di ricotta e zucchine","secondo","VESSEL_PLATE","CHICKEN","","ZUCCHINI|RICOTTA|PARMESAN","","","READY_FOR_ASSET_INSTANTIATION"
"f07","COMP_f07","Straccetti di tacchino e zucchine","secondo","VESSEL_PLATE","TURKEY","","ZUCCHINI|LEMON","","","READY_FOR_ASSET_INSTANTIATION"
"f08","COMP_f08","Polpette di tacchino al forno","secondo","VESSEL_PLATE","TURKEY","","GROUND_BEEF|EGG_WHITE|GARLIC|PARMESAN","","","READY_FOR_ASSET_INSTANTIATION"
"f09","COMP_f09","Burger di pollo e zucchine","secondo","VESSEL_PLATE","CHICKEN","","GROUND_BEEF|EGG_WHITE|ZUCCHINI","","","READY_FOR_ASSET_INSTANTIATION"
"f10","COMP_f10","Hamburger di tacchino e ricotta","secondo","VESSEL_PLATE","TURKEY","","GROUND_BEEF|EGG_WHITE|RICOTTA","","","READY_FOR_ASSET_INSTANTIATION"
"f11","COMP_f11","Tagliata di tacchino con rucola e grana","secondo","VESSEL_PLATE","TURKEY","","BEEF|ARUGULA|GRANA","","","READY_FOR_ASSET_INSTANTIATION"
"f12","COMP_f12","Insalata di pollo, ceci e pomodorini","secondo","VESSEL_BOWL","CHICKEN","","CHICKPEA|CHERRY_TOMATO|ONION|RED_ONION","","","READY_FOR_ASSET_INSTANTIATION"
"f13","COMP_f13","Bowl di pollo e quinoa","secondo","VESSEL_BOWL","CHICKEN","","QUINOA|CHERRY_TOMATO|ZUCCHINI|LEMON","","","READY_FOR_ASSET_INSTANTIATION"
"f14","COMP_f14","Merluzzo al vapore con verdure","secondo","VESSEL_PLATE","COD","","ZUCCHINI|CARROT|LEMON","","","READY_FOR_ASSET_INSTANTIATION"
"f15","COMP_f15","Merluzzo in crosta di pistacchi","secondo","VESSEL_PLATE","COD","","LEMON","","MUSTARD_SAUCE","READY_FOR_ASSET_INSTANTIATION"
"f16","COMP_f16","Salmone e asparagi al forno","secondo","VESSEL_PLATE","SALMON","","ASPARAGUS|LEMON","","","READY_FOR_ASSET_INSTANTIATION"
"f17","COMP_f17","Polpette di tonno e ricotta","secondo","VESSEL_PLATE","GROUND_BEEF","","TUNA|EGG_WHITE|RICOTTA|PARMESAN","","","READY_FOR_ASSET_INSTANTIATION"
"f18","COMP_f18","Polpette di salmone e patate","secondo","VESSEL_PLATE","GROUND_BEEF","","SALMON|EGG_WHITE|POTATO|LEMON","","","READY_FOR_ASSET_INSTANTIATION"
"f19","COMP_f19","Tonno alla piastra con insalata di finocchi","secondo","VESSEL_BOWL","TUNA","","FENNEL|ORANGE|OLIVE","","","READY_FOR_ASSET_INSTANTIATION"
"f20","COMP_f20","Gamberi e zucchine in padella","secondo","VESSEL_PLATE","SHRIMP","","ZUCCHINI|GARLIC|LEMON","","","READY_FOR_ASSET_INSTANTIATION"
"f21","COMP_f21","Insalata di gamberi e avocado","secondo","VESSEL_BOWL","SHRIMP","","CHERRY_TOMATO|AVOCADO|LEMON","","","READY_FOR_ASSET_INSTANTIATION"
"f22","COMP_f22","Seppie alla griglia con rucola","secondo","VESSEL_PLATE","SQUID","","ARUGULA|GARLIC|LEMON","","","READY_FOR_ASSET_INSTANTIATION"
"f23","COMP_f23","Branzino al cartoccio","secondo","VESSEL_PLATE","SEA_BASS","","CHERRY_TOMATO|LEMON|OLIVE","","","READY_FOR_ASSET_INSTANTIATION"
"f24","COMP_f24","Orata al vapore con verdure croccanti","secondo","VESSEL_PLATE","SEA_BREAM","","ZUCCHINI|CARROT|FENNEL|LEMON","","","READY_FOR_ASSET_INSTANTIATION"
"f25","COMP_f25","Frittata di albumi e asparagi","secondo","VESSEL_PLATE","EGG","","EGG_WHITE|ASPARAGUS|PARMESAN","","","READY_FOR_ASSET_INSTANTIATION"
"f26","COMP_f26","Omelette proteica al prosciutto","secondo","VESSEL_PLATE","OMELETTE","","HAM|EGG|EGG_WHITE|PARMESAN","","","READY_FOR_ASSET_INSTANTIATION"
"f27","COMP_f27","Uova strapazzate con spinaci","secondo","VESSEL_PLATE","EGG","","EGG_WHITE|SPINACH|PARMESAN","","","READY_FOR_ASSET_INSTANTIATION"
"f28","COMP_f28","Muffin di uova e verdure","secondo","VESSEL_PLATE","EGG","","MUFFIN|EGG_WHITE|PEPPER|SPINACH","","","READY_FOR_ASSET_INSTANTIATION"
"f29","COMP_f29","Rotolo di bresaola e ricotta","secondo","VESSEL_PLATE","BRESAOLA","","ARUGULA|RICOTTA|LEMON","","","READY_FOR_ASSET_INSTANTIATION"
"f30","COMP_f30","Burger di lenticchie","secondo","VESSEL_PLATE","GROUND_BEEF","","LENTIL|EGG_WHITE|CARROT|ONION","","","READY_FOR_ASSET_INSTANTIATION"
"f31","COMP_f31","Ceci speziati al forno","secondo","VESSEL_PLATE","CHICKPEA","","GARLIC","","","READY_FOR_ASSET_INSTANTIATION"
"f32","COMP_f32","Petto di pollo in crosta di senape ed erbe","secondo","VESSEL_PLATE","CHICKEN","","","","MUSTARD_SAUCE","READY_FOR_ASSET_INSTANTIATION"
"f33","COMP_f33","Cosce di pollo al forno senza pelle","secondo","VESSEL_PLATE","CHICKEN","","POTATO|GARLIC|LEMON","","","READY_FOR_ASSET_INSTANTIATION"
"f34","COMP_f34","Bocconcini di tacchino al limone","secondo","VESSEL_PLATE","TURKEY","","LEMON","","","READY_FOR_ASSET_INSTANTIATION"
"f35","COMP_f35","Filetto di manzo con asparagi","secondo","VESSEL_PLATE","BEEF","","GARLIC|ASPARAGUS|GRANA","","","READY_FOR_ASSET_INSTANTIATION"
"f36","COMP_f36","Roast beef all'inglese","secondo","VESSEL_PLATE","BEEF","","ARUGULA","","","READY_FOR_ASSET_INSTANTIATION"
"f37","COMP_f37","Insalata di uova, tonno e fagiolini","secondo","VESSEL_BOWL","TUNA","","EGG|CHERRY_TOMATO|GREEN_BEAN","","","READY_FOR_ASSET_INSTANTIATION"
"f38","COMP_f38","Sgombro all'insalata di finocchi e arancia","secondo","VESSEL_BOWL","MACKEREL","","FENNEL|ORANGE|OLIVE","","","READY_FOR_ASSET_INSTANTIATION"
"f39","COMP_f39","Petto di pollo alle erbe in padella","secondo","VESSEL_PLATE","CHICKEN","","GARLIC","","","READY_FOR_ASSET_INSTANTIATION"
"f40","COMP_f40","Insalatona di tonno, uova e verdure","secondo","VESSEL_PLATE","TUNA","","EGG|CHERRY_TOMATO|CARROT|CORN","","","READY_FOR_ASSET_INSTANTIATION"
"s01","COMP_s01","Salsa allo yogurt e limone","salsa","VESSEL_RAMEKIN","YOGURT","","GARLIC|GREEK_YOGURT|LEMON","","","READY_FOR_ASSET_INSTANTIATION"
"s02","COMP_s02","Salsa yogurt e cetriolo","salsa","VESSEL_RAMEKIN","YOGURT_SAUCE","","GARLIC|CUCUMBER|GREEK_YOGURT|YOGURT","","","READY_FOR_ASSET_INSTANTIATION"
"s03","COMP_s03","Salsa verde leggera","salsa","VESSEL_RAMEKIN","GREEN_SAUCE","","ANCHOVY|EGG_WHITE","","","READY_FOR_ASSET_INSTANTIATION"
"s04","COMP_s04","Pesto leggero di basilico e ricotta","salsa","VESSEL_RAMEKIN","PESTO","","GARLIC|RICOTTA|PARMESAN","","","READY_FOR_ASSET_INSTANTIATION"
"s05","COMP_s05","Crema di piselli e menta","salsa","VESSEL_RAMEKIN","PEA","","PARMESAN|LEMON","","","READY_FOR_ASSET_INSTANTIATION"
"s06","COMP_s06","Salsa di pomodorini crudi","salsa","VESSEL_RAMEKIN","CHERRY_TOMATO","","GARLIC","","","READY_FOR_ASSET_INSTANTIATION"
"s07","COMP_s07","Vinaigrette al limone e senape","salsa","VESSEL_RAMEKIN","MUSTARD_SAUCE","","LEMON|HONEY","","VINAIGRETTE","READY_FOR_ASSET_INSTANTIATION"
"s08","COMP_s08","Salsa yogurt e curry","salsa","VESSEL_RAMEKIN","YOGURT_SAUCE","","GREEK_YOGURT|YOGURT|LEMON|HONEY","","","READY_FOR_ASSET_INSTANTIATION"
"s09","COMP_s09","Crema di ceci al limone","salsa","VESSEL_RAMEKIN","CHICKPEA","","GARLIC|LEMON","","","READY_FOR_ASSET_INSTANTIATION"
"s10","COMP_s10","Salsa di peperoni arrostiti","salsa","VESSEL_RAMEKIN","PEPPER","","GARLIC","","","READY_FOR_ASSET_INSTANTIATION"
"s11","COMP_s11","Salsa tonnata leggera","salsa","VESSEL_RAMEKIN","TONNATO_SAUCE","","TUNA|ANCHOVY|GREEK_YOGURT|YOGURT","","","READY_FOR_ASSET_INSTANTIATION"
"s12","COMP_s12","Salsa alle erbe fresche","salsa","VESSEL_RAMEKIN","MUSTARD_SAUCE","","LEMON","","","READY_FOR_ASSET_INSTANTIATION"
"s13","COMP_s13","Crema di zucchine e basilico","salsa","VESSEL_RAMEKIN","ZUCCHINI","","GARLIC|PARMESAN","","","READY_FOR_ASSET_INSTANTIATION"
"s14","COMP_s14","Cipolle rosse in agrodolce","salsa","VESSEL_RAMEKIN","AGRODOLCE","","ONION|RED_ONION|HONEY","","","READY_FOR_ASSET_INSTANTIATION"
"s15","COMP_s15","Salsa di prezzemolo e aglio","salsa","VESSEL_RAMEKIN","GARLIC","","","","","READY_FOR_ASSET_INSTANTIATION"
"s16","COMP_s16","Salsa allo yogurt e senape","salsa","VESSEL_RAMEKIN","MUSTARD_SAUCE","","GREEK_YOGURT|YOGURT|LEMON|HONEY","","","READY_FOR_ASSET_INSTANTIATION"
"s17","COMP_s17","Maionese classica","salsa","VESSEL_RAMEKIN","MAYONNAISE","","LEMON","","MUSTARD_SAUCE","READY_FOR_ASSET_INSTANTIATION"
"s18","COMP_s18","Aioli","salsa","VESSEL_RAMEKIN","AIOLI","","GARLIC|LEMON","","","READY_FOR_ASSET_INSTANTIATION"
"s19","COMP_s19","Salsa tonnata classica","salsa","VESSEL_RAMEKIN","TONNATO_SAUCE","","TUNA|ANCHOVY|LEMON","","MAYONNAISE","READY_FOR_ASSET_INSTANTIATION"
"s20","COMP_s20","Salsa rosa","salsa","VESSEL_RAMEKIN","ROSA_SAUCE","","TOMATO|CREAM|LEMON","","MAYONNAISE","READY_FOR_ASSET_INSTANTIATION"
"s21","COMP_s21","Salsa tartara","salsa","VESSEL_RAMEKIN","TARTAR_SAUCE","","EGG|ONION|MUSTARD_SAUCE","","MAYONNAISE","READY_FOR_ASSET_INSTANTIATION"
"s22","COMP_s22","Burro nocciola alla salvia","salsa","VESSEL_RAMEKIN","BUTTER","","PARMESAN","","BUTTER_SAGE","READY_FOR_ASSET_INSTANTIATION"
"s23","COMP_s23","Salsa al gorgonzola","salsa","VESSEL_RAMEKIN","GORGONZOLA","","","","","READY_FOR_ASSET_INSTANTIATION"
"s24","COMP_s24","Salsa ai quattro formaggi","salsa","VESSEL_RAMEKIN","PARMESAN","","FONTINA|GORGONZOLA|PROVOLA|BUTTER","","","READY_FOR_ASSET_INSTANTIATION"
"s25","COMP_s25","Besciamella","salsa","VESSEL_RAMEKIN","BESCIAMELLA","","BUTTER","","","READY_FOR_ASSET_INSTANTIATION"
"s26","COMP_s26","Salsa al pepe verde","salsa","VESSEL_RAMEKIN","CREAM","","BUTTER","","","READY_FOR_ASSET_INSTANTIATION"
"s27","COMP_s27","Salsa ai funghi e panna","salsa","VESSEL_RAMEKIN","MUSHROOM","","GARLIC|CREAM|BUTTER","","","READY_FOR_ASSET_INSTANTIATION"
"s28","COMP_s28","Salsa al vino rosso","salsa","VESSEL_RAMEKIN","BUTTER","","","","","READY_FOR_ASSET_INSTANTIATION"
"s29","COMP_s29","Salsa olandese","salsa","VESSEL_RAMEKIN","BUTTER","","LEMON","","","READY_FOR_ASSET_INSTANTIATION"
"s30","COMP_s30","Pesto genovese classico","salsa","VESSEL_RAMEKIN","PESTO","","GARLIC|PARMESAN|PECORINO","","","READY_FOR_ASSET_INSTANTIATION"
"s31","COMP_s31","Salsa di noci","salsa","VESSEL_RAMEKIN","BREAD","","GARLIC|PARMESAN","","","READY_FOR_ASSET_INSTANTIATION"
"s32","COMP_s32","Fonduta di fontina","salsa","VESSEL_RAMEKIN","CHEESE_CREAM","","FONTINA|BUTTER","","","READY_FOR_ASSET_INSTANTIATION"
"k01","COMP_k01","Fette biscottate con burro d'arachidi e marmellata","colazione","VESSEL_CUP","FRUIT_JAM","","BUTTER|MIXED_BERRIES","","","READY_FOR_ASSET_INSTANTIATION"
"k02","COMP_k02","Yogurt proteico","colazione","VESSEL_BOWL","YOGURT","","","","","READY_FOR_ASSET_INSTANTIATION"
"n01","COMP_n01","Insalata mista","contorno","VESSEL_BOWL","CHERRY_TOMATO","","CARROT","","","READY_FOR_ASSET_INSTANTIATION"
"n02","COMP_n02","Spinaci saltati","contorno","VESSEL_PLATE","SPINACH","","GARLIC|LEMON","","","READY_FOR_ASSET_INSTANTIATION"
"n03","COMP_n03","Broccoli ripassati","contorno","VESSEL_PLATE","BROCCOLI","","GARLIC","","","READY_FOR_ASSET_INSTANTIATION"
"n04","COMP_n04","Patate al forno","contorno","VESSEL_PLATE","POTATO","","GARLIC","","","READY_FOR_ASSET_INSTANTIATION"
"n05","COMP_n05","Patate lesse al prezzemolo","contorno","VESSEL_PLATE","POTATO","","","","","READY_FOR_ASSET_INSTANTIATION"
"n06","COMP_n06","Purè di patate","contorno","VESSEL_PLATE","POTATO","","PARMESAN|BUTTER","","","READY_FOR_ASSET_INSTANTIATION"
"n07","COMP_n07","Zucchine trifolate","contorno","VESSEL_PLATE","ZUCCHINI","","GARLIC","","","READY_FOR_ASSET_INSTANTIATION"
"n08","COMP_n08","Melanzane grigliate","contorno","VESSEL_PLATE","EGGPLANT","","GARLIC","","","READY_FOR_ASSET_INSTANTIATION"
"n09","COMP_n09","Peperoni in padella","contorno","VESSEL_PLATE","PEPPER","","ONION","","","READY_FOR_ASSET_INSTANTIATION"
"n10","COMP_n10","Cavolfiore gratinato","contorno","VESSEL_PLATE","CAULIFLOWER","","PARMESAN|BUTTER","","","READY_FOR_ASSET_INSTANTIATION"
"n11","COMP_n11","Cicoria ripassata","contorno","VESSEL_PLATE","CHICORY","","GARLIC","","","READY_FOR_ASSET_INSTANTIATION"
"n12","COMP_n12","Fagiolini al vapore","contorno","VESSEL_PLATE","GREEN_BEAN","","LEMON","","","READY_FOR_ASSET_INSTANTIATION"
"n13","COMP_n13","Carciofi trifolati","contorno","VESSEL_PLATE","ARTICHOKE","","GARLIC|LEMON","","","READY_FOR_ASSET_INSTANTIATION"
"n14","COMP_n14","Asparagi al burro e parmigiano","contorno","VESSEL_PLATE","ASPARAGUS","","PARMESAN|BUTTER","","","READY_FOR_ASSET_INSTANTIATION"
"n15","COMP_n15","Verza stufata","contorno","VESSEL_PLATE","CABBAGE","","ONION","","","READY_FOR_ASSET_INSTANTIATION"
"n16","COMP_n16","Insalata di finocchi e arance","contorno","VESSEL_BOWL","FENNEL","","ORANGE|OLIVE","","","READY_FOR_ASSET_INSTANTIATION"
"n17","COMP_n17","Caponatina di zucchine","contorno","VESSEL_PLATE","ZUCCHINI","","ONION","","","READY_FOR_ASSET_INSTANTIATION"
"n18","COMP_n18","Pomodori gratinati","contorno","VESSEL_PLATE","TOMATO","","PARMESAN","","","READY_FOR_ASSET_INSTANTIATION"
"n19","COMP_n19","Radicchio alla griglia","contorno","VESSEL_PLATE","RADICCHIO","","","","","READY_FOR_ASSET_INSTANTIATION"
"n20","COMP_n20","Zucca al forno","contorno","VESSEL_PLATE","PUMPKIN","","","","","READY_FOR_ASSET_INSTANTIATION"
"n21","COMP_n21","Insalata di pomodori e cipolla","contorno","VESSEL_BOWL","TOMATO","","ONION|RED_ONION","","","READY_FOR_ASSET_INSTANTIATION"
"n22","COMP_n22","Funghi trifolati","contorno","VESSEL_PLATE","MUSHROOM","","GARLIC","","","READY_FOR_ASSET_INSTANTIATION"
"n23","COMP_n23","Lenticchie stufate","contorno","VESSEL_PLATE","LENTIL","","CARROT|ONION|CELERY","","","READY_FOR_ASSET_INSTANTIATION"
"n24","COMP_n24","Piselli al prosciutto","contorno","VESSEL_PLATE","HAM","","ONION|PEA|BUTTER","","","READY_FOR_ASSET_INSTANTIATION"
"n25","COMP_n25","Insalata di cetrioli e yogurt","contorno","VESSEL_BOWL","CUCUMBER","","GARLIC|GREEK_YOGURT|YOGURT","","","READY_FOR_ASSET_INSTANTIATION"
"n26","COMP_n26","Bietole all'olio e limone","contorno","VESSEL_PLATE","LEMON","","","","","READY_FOR_ASSET_INSTANTIATION"
"n27","COMP_n27","Ceci croccanti al forno","contorno","VESSEL_PLATE","CHICKPEA","","","","","READY_FOR_ASSET_INSTANTIATION"
"n28","COMP_n28","Cavolfiore arrosto","contorno","VESSEL_PLATE","CAULIFLOWER","","GARLIC","","","READY_FOR_ASSET_INSTANTIATION"
"n29","COMP_n29","Patate e cipolle in padella","contorno","VESSEL_PLATE","POTATO","","ONION","","","READY_FOR_ASSET_INSTANTIATION"
"n30","COMP_n30","Rucola, grana e balsamico","contorno","VESSEL_PLATE","ARUGULA","","GRANA","","","READY_FOR_ASSET_INSTANTIATION"
"v01","COMP_v01","Lattina di cola","bevanda","VESSEL_FREE","BEVERAGE_BOTTLE","COLA","","","","READY_FOR_ASSET_INSTANTIATION"
"v02","COMP_v02","Lattina di cola zero","bevanda","VESSEL_FREE","BEVERAGE_BOTTLE","COLA_ZERO","","","","READY_FOR_ASSET_INSTANTIATION"
"v03","COMP_v03","Lattina di aranciata","bevanda","VESSEL_FREE","BEVERAGE_BOTTLE","ARANCIATA","","","","READY_FOR_ASSET_INSTANTIATION"
"v04","COMP_v04","Chinotto","bevanda","VESSEL_FREE","BEVERAGE_BOTTLE","CHINOTTO","","","","READY_FOR_ASSET_INSTANTIATION"
"v05","COMP_v05","Acqua tonica","bevanda","VESSEL_FREE","BEVERAGE_BOTTLE","TONICA","","","","READY_FOR_ASSET_INSTANTIATION"
"v06","COMP_v06","Gassosa","bevanda","VESSEL_FREE","BEVERAGE_BOTTLE","GASSOSA","","","","READY_FOR_ASSET_INSTANTIATION"
"v07","COMP_v07","Te freddo al limone","bevanda","VESSEL_FREE","BEVERAGE_BOTTLE","TE_FREDDO","LEMON","","","READY_FOR_ASSET_INSTANTIATION"
"v08","COMP_v08","Succo d'arancia","bevanda","VESSEL_FREE","BEVERAGE_JUICE_BOX","ARANCIA","ORANGE","","","READY_FOR_ASSET_INSTANTIATION"
"v09","COMP_v09","Spremuta d'arancia","bevanda","VESSEL_PLATE","ORANGE","","","","","READY_FOR_ASSET_INSTANTIATION"
"v10","COMP_v10","Succo ACE","bevanda","VESSEL_FREE","BEVERAGE_JUICE_BOX","ACE","","","","READY_FOR_ASSET_INSTANTIATION"
"v11","COMP_v11","Succo di pera","bevanda","VESSEL_FREE","BEVERAGE_JUICE_BOX","PERA","PEAR","","","READY_FOR_ASSET_INSTANTIATION"
"v12","COMP_v12","Succo di mela","bevanda","VESSEL_FREE","BEVERAGE_JUICE_BOX","MELA","APPLE","","","READY_FOR_ASSET_INSTANTIATION"
"v13","COMP_v13","Energy drink","bevanda","VESSEL_FREE","BEVERAGE_BOTTLE","ENERGY","","","","READY_FOR_ASSET_INSTANTIATION"
"v14","COMP_v14","Limonata fatta in casa","bevanda","VESSEL_FREE","BEVERAGE_BOTTLE","LIMONATA","LEMON","","","READY_FOR_ASSET_INSTANTIATION"
"v15","COMP_v15","Birra media","bevanda","VESSEL_FREE","BEVERAGE_BOTTLE","BIRRA","","","","READY_FOR_ASSET_INSTANTIATION"
"o01","COMP_o01","Pollo teriyaki","secondo","VESSEL_PLATE","CHICKEN","","HONEY","","AGRODOLCE","READY_FOR_ASSET_INSTANTIATION"
"o02","COMP_o02","Riso saltato con uova e verdure","primo","VESSEL_BOWL","RICE","","EGG|CARROT|PEA","","AGRODOLCE","READY_FOR_ASSET_INSTANTIATION"
"o03","COMP_o03","Noodles saltati con manzo","primo","VESSEL_BOWL","BEEF","","CARROT|GARLIC|CABBAGE","","AGRODOLCE","READY_FOR_ASSET_INSTANTIATION"
"o04","COMP_o04","Salmone teriyaki","secondo","VESSEL_PLATE","SALMON","","HONEY","","AGRODOLCE","READY_FOR_ASSET_INSTANTIATION"
"o05","COMP_o05","Gamberi in agrodolce","secondo","VESSEL_PLATE","SHRIMP","","RICE|PEPPER|PINEAPPLE","","AGRODOLCE","READY_FOR_ASSET_INSTANTIATION"
"o06","COMP_o06","Tofu saltato con verdure","secondo","VESSEL_PLATE","TOFU","","PEPPER|BROCCOLI|GARLIC","","AGRODOLCE","READY_FOR_ASSET_INSTANTIATION"
"o07","COMP_o07","Zuppa di miso","primo","VESSEL_BOWL","TOFU","","","","","READY_FOR_ASSET_INSTANTIATION"
"o08","COMP_o08","Ramen veloce con pollo e uovo","primo","VESSEL_BOWL","CHICKEN","","EGG","","AGRODOLCE","READY_FOR_ASSET_INSTANTIATION"
"o09","COMP_o09","Manzo alle cipolle e soia","secondo","VESSEL_PLATE","BEEF","","ONION","","AGRODOLCE","READY_FOR_ASSET_INSTANTIATION"
"o10","COMP_o10","Spaghetti di riso con verdure croccanti","primo","VESSEL_BOWL","PASTA_LONG","","RICE|PEPPER|CARROT|CABBAGE","","AGRODOLCE","READY_FOR_ASSET_INSTANTIATION"
"o11","COMP_o11","Pollo alle mandorle","secondo","VESSEL_PLATE","CHICKEN","","RICE|PEPPER|ONION","","AGRODOLCE","READY_FOR_ASSET_INSTANTIATION"
"o12","COMP_o12","Maiale in agrodolce","secondo","VESSEL_PLATE","PORK","","RICE|PEPPER|ONION","","AGRODOLCE","READY_FOR_ASSET_INSTANTIATION"
"o13","COMP_o13","Edamame al sale","antipasto","VESSEL_PLATE","EDAMAME","","","","","READY_FOR_ASSET_INSTANTIATION"
"o14","COMP_o14","Insalata di germogli e sesamo","contorno","VESSEL_BOWL","RICE","","CARROT|CUCUMBER","","AGRODOLCE","READY_FOR_ASSET_INSTANTIATION"
"o15","COMP_o15","Riso al vapore con verdure e tofu","primo","VESSEL_BOWL","RICE","","TOFU|CARROT|BROCCOLI","","AGRODOLCE","READY_FOR_ASSET_INSTANTIATION"
"s33","COMP_s33","Salsa di soia","salsa","VESSEL_RAMEKIN","AGRODOLCE","TERIYAKI_SOY_SWEET_GLAZE_VISUAL_VARIANT","","","","READY_FOR_ASSET_INSTANTIATION"
"s34","COMP_s34","Salsa teriyaki","salsa","VESSEL_RAMEKIN","AGRODOLCE","","HONEY","","","READY_FOR_ASSET_INSTANTIATION"
"s35","COMP_s35","Salsa agrodolce","salsa","VESSEL_RAMEKIN","AGRODOLCE","","RICE","","","READY_FOR_ASSET_INSTANTIATION"
"s36","COMP_s36","Salsa di soia e zenzero","salsa","VESSEL_RAMEKIN","AGRODOLCE","","RICE","","","READY_FOR_ASSET_INSTANTIATION"
"w01","COMP_w01","Pane, miele e caffè","colazione","VESSEL_CUP","BREAD","","HONEY","","","READY_FOR_ASSET_INSTANTIATION"
"w02","COMP_w02","Banana e gallette","colazione","VESSEL_PLATE","RICE","","BANANA|HONEY","","","READY_FOR_ASSET_INSTANTIATION"
"w03","COMP_w03","Porridge d'avena e banana","colazione","VESSEL_BOWL","PORRIDGE","","BANANA|HONEY","","","READY_FOR_ASSET_INSTANTIATION"
"w04","COMP_w04","Riso bianco e petto di pollo","primo","VESSEL_BOWL","RICE","","CHICKEN|LEMON","","","READY_FOR_ASSET_INSTANTIATION"
"w05","COMP_w05","Toast bresaola e miele","colazione","VESSEL_PLATE","TOAST","","BRESAOLA|BREAD|HONEY","","","READY_FOR_ASSET_INSTANTIATION"
"w06","COMP_w06","Yogurt, frutta e miele","colazione","VESSEL_BOWL","YOGURT","","GREEK_YOGURT|MIXED_BERRIES|HONEY","","","READY_FOR_ASSET_INSTANTIATION"
"w07","COMP_w07","Shake proteico e banana","altro","VESSEL_PLATE","BANANA","","","","","READY_FOR_ASSET_INSTANTIATION"
"w08","COMP_w08","Pollo, riso e verdure","secondo","VESSEL_PLATE","CHICKEN","","RICE|ZUCCHINI|LEMON","","","READY_FOR_ASSET_INSTANTIATION"
"w09","COMP_w09","Omelette di albumi e pane","secondo","VESSEL_PLATE","OMELETTE","","EGG|EGG_WHITE|BREAD|PARMESAN","","","READY_FOR_ASSET_INSTANTIATION"
"w10","COMP_w10","Tonno, patate e limone","secondo","VESSEL_PLATE","TUNA","","POTATO|LEMON","","","READY_FOR_ASSET_INSTANTIATION"
"w11","COMP_w11","Ricotta, miele e noci","colazione","VESSEL_PLATE","RICOTTA","","HONEY","","","READY_FOR_ASSET_INSTANTIATION"
"w12","COMP_w12","Fiocchi di latte e frutta","colazione","VESSEL_CUP","COTTAGE_CHEESE","","MIXED_BERRIES|HONEY","","","READY_FOR_ASSET_INSTANTIATION"
"w13","COMP_w13","Latte al cacao e biscotti","altro","VESSEL_PLATE","BREAD","BISCUIT_FROLLINO_VISUAL_VARIANT","","","","READY_FOR_ASSET_INSTANTIATION"
"w14","COMP_w14","Bowl di riso, salmone e avocado","secondo","VESSEL_BOWL","SALMON","","RICE|AVOCADO","","AGRODOLCE","READY_FOR_ASSET_INSTANTIATION"
"k03","COMP_k03","Brioche vuota","colazione","VESSEL_PLATE","BRIOCHE","","","","","READY_FOR_ASSET_INSTANTIATION"
"k04","COMP_k04","Brioche con marmellata di albicocche","colazione","VESSEL_PLATE","BRIOCHE","","","","FRUIT_JAM","READY_FOR_ASSET_INSTANTIATION"
"k05","COMP_k05","Brioche con marmellata ai frutti di bosco","colazione","VESSEL_PLATE","BRIOCHE","","MIXED_BERRIES","","FRUIT_JAM","READY_FOR_ASSET_INSTANTIATION"
"k06","COMP_k06","Brioche con crema di nocciole","colazione","VESSEL_PLATE","BRIOCHE","","","","HAZELNUT_CREAM","READY_FOR_ASSET_INSTANTIATION"
"k07","COMP_k07","Brioche con crema di pistacchio","colazione","VESSEL_PLATE","BRIOCHE","","","","PISTACHIO_CREAM","READY_FOR_ASSET_INSTANTIATION"
"k08","COMP_k08","Cornetto al cioccolato","colazione","VESSEL_PLATE","CROISSANT","","","","","READY_FOR_ASSET_INSTANTIATION"
"k09","COMP_k09","Merendina al cioccolato","colazione","VESSEL_PLATE","MUFFIN","","","","","READY_FOR_ASSET_INSTANTIATION"
"k10","COMP_k10","Merendina e latte","colazione","VESSEL_PLATE","MUFFIN","","","","","READY_FOR_ASSET_INSTANTIATION"
"k11","COMP_k11","Pane, burro e marmellata","colazione","VESSEL_PLATE","BREAD","","BUTTER","","FRUIT_JAM","READY_FOR_ASSET_INSTANTIATION"
"k12","COMP_k12","Biscotti frollini e latte","colazione","VESSEL_PLATE","BREAD","BISCUIT_FROLLINO_VISUAL_VARIANT","","","","READY_FOR_ASSET_INSTANTIATION"
"k13","COMP_k13","Fetta di plumcake","colazione","VESSEL_PLATE","PLUMCAKE","","","","","READY_FOR_ASSET_INSTANTIATION"
"k14","COMP_k14","Ciambella e cappuccino","colazione","VESSEL_CUP","CIAMBELLA","","","","","READY_FOR_ASSET_INSTANTIATION"
"do01","COMP_do01","Mousse di yogurt greco al cacao","dolce","VESSEL_RAMEKIN","MOUSSE","","GREEK_YOGURT|YOGURT|HONEY","","","READY_FOR_ASSET_INSTANTIATION"
"do02","COMP_do02","Nice cream alla banana","dolce","VESSEL_DESSERT_MOLD","BANANA","","","","","READY_FOR_ASSET_INSTANTIATION"
"do03","COMP_do03","Ricotta con miele e noci","dolce","VESSEL_DESSERT_MOLD","RICOTTA","","HONEY","","","READY_FOR_ASSET_INSTANTIATION"
"do04","COMP_do04","Palline di datteri e mandorle","dolce","VESSEL_DESSERT_MOLD","DATE","","","","","READY_FOR_ASSET_INSTANTIATION"
"do05","COMP_do05","Pancake proteici ai frutti di bosco","dolce","VESSEL_DESSERT_MOLD","PANCAKE","","EGG_WHITE|BANANA|MIXED_BERRIES","","","READY_FOR_ASSET_INSTANTIATION"
"do06","COMP_do06","Mele al forno con cannella","dolce","VESSEL_DESSERT_MOLD","APPLE","","HONEY","","","READY_FOR_ASSET_INSTANTIATION"
"do07","COMP_do07","Porridge dolce al cacao e pera","dolce","VESSEL_DESSERT_MOLD","PORRIDGE","","PEAR","","","READY_FOR_ASSET_INSTANTIATION"
"do08","COMP_do08","Cheesecake fredda allo yogurt","dolce","VESSEL_DESSERT_MOLD","CHEESECAKE","","CREAM_CHEESE|GREEK_YOGURT|YOGURT|BUTTER","","","READY_FOR_ASSET_INSTANTIATION"
"do09","COMP_do09","Crema al caffè proteica","dolce","VESSEL_DESSERT_MOLD","COFFEE_CREAM","","GREEK_YOGURT|YOGURT","","","READY_FOR_ASSET_INSTANTIATION"
"do10","COMP_do10","Banana bread proteico","dolce","VESSEL_DESSERT_MOLD","BANANA_BREAD","","EGG|BANANA|HONEY","","","READY_FOR_ASSET_INSTANTIATION"
"do11","COMP_do11","Tiramisù classico","dolce","VESSEL_RAMEKIN","TIRAMISU","","EGG|MASCARPONE","","","READY_FOR_ASSET_INSTANTIATION"
"do12","COMP_do12","Torta al cioccolato fondente","dolce","VESSEL_DESSERT_MOLD","CAKE","","EGG|BUTTER","","","READY_FOR_ASSET_INSTANTIATION"
"do13","COMP_do13","Crostata alla marmellata","dolce","VESSEL_DESSERT_MOLD","TART","","EGG|BUTTER","","FRUIT_JAM","READY_FOR_ASSET_INSTANTIATION"
"do14","COMP_do14","Salame di cioccolato","dolce","VESSEL_DESSERT_MOLD","BROWNIE","","SALAMI|EGG|BREAD|BUTTER","","","READY_FOR_ASSET_INSTANTIATION"
"do15","COMP_do15","Muffin al cioccolato","dolce","VESSEL_DESSERT_MOLD","MUFFIN","","EGG|BUTTER","","","READY_FOR_ASSET_INSTANTIATION"
"do16","COMP_do16","Pancake americani burro e miele","dolce","VESSEL_DESSERT_MOLD","PANCAKE","","EGG|BUTTER|HONEY","","","READY_FOR_ASSET_INSTANTIATION"
"do17","COMP_do17","Torta di mele della nonna","dolce","VESSEL_DESSERT_MOLD","CAKE","","EGG|BUTTER|APPLE","","","READY_FOR_ASSET_INSTANTIATION"
"do18","COMP_do18","Mousse al cioccolato","dolce","VESSEL_RAMEKIN","MOUSSE","","EGG_WHITE|CREAM","","","READY_FOR_ASSET_INSTANTIATION"
"do19","COMP_do19","Biscotti burro e cioccolato","dolce","VESSEL_DESSERT_MOLD","BREAD","","EGG|BUTTER","","","READY_FOR_ASSET_INSTANTIATION"
"do20","COMP_do20","Cheesecake cotta al forno","dolce","VESSEL_DESSERT_MOLD","CHEESECAKE","","EGG|BREAD|CREAM_CHEESE|CREAM","","","READY_FOR_ASSET_INSTANTIATION"
"ft01","COMP_ft01","Overnight oats yogurt e mirtilli","colazione","VESSEL_BOWL","OVERNIGHT_OATS","","GREEK_YOGURT|YOGURT|BLUEBERRY|MIXED_BERRIES","","","READY_FOR_ASSET_INSTANTIATION"
"ft02","COMP_ft02","Toast con avocado e uovo","colazione","VESSEL_PLATE","TOAST","","EGG|BREAD|AVOCADO|LEMON","","","READY_FOR_ASSET_INSTANTIATION"
"ft03","COMP_ft03","Frullato verde spinaci e mela","colazione","VESSEL_PLATE","SMOOTHIE","","SPINACH|APPLE|BANANA","","","READY_FOR_ASSET_INSTANTIATION"
"ft04","COMP_ft04","Hummus con verdure croccanti","antipasto","VESSEL_PLATE","HUMMUS","","CHICKPEA|CARROT|GARLIC|CELERY","","","READY_FOR_ASSET_INSTANTIATION"
"ft05","COMP_ft05","Caprese light coi fiocchi di latte","antipasto","VESSEL_PLATE","TOMATO","","COTTAGE_CHEESE","","","READY_FOR_ASSET_INSTANTIATION"
"ft06","COMP_ft06","Edamame al vapore con limone","antipasto","VESSEL_PLATE","EDAMAME","","LEMON","","","READY_FOR_ASSET_INSTANTIATION"
"ft07","COMP_ft07","Quinoa saltata con verdure","primo","VESSEL_BOWL","QUINOA","","ZUCCHINI|PEPPER","","","READY_FOR_ASSET_INSTANTIATION"
"ft08","COMP_ft08","Riso con piselli e limone","primo","VESSEL_BOWL","RICE","","PEA|GRANA|LEMON","","","READY_FOR_ASSET_INSTANTIATION"
"ft09","COMP_ft09","Zuppa di lenticchie e carote","primo","VESSEL_BOWL","LENTIL","","CHERRY_TOMATO|CARROT|ONION|CELERY","","","READY_FOR_ASSET_INSTANTIATION"
"ft10","COMP_ft10","Cous cous freddo ceci e pomodorini","primo","VESSEL_BOWL","COUSCOUS","","CHICKPEA|CHERRY_TOMATO|LEMON","","","READY_FOR_ASSET_INSTANTIATION"
"ft11","COMP_ft11","Pollo alla griglia, limone e rosmarino","secondo","VESSEL_PLATE","CHICKEN","","LEMON","","","READY_FOR_ASSET_INSTANTIATION"
"ft12","COMP_ft12","Salmone al forno con finocchi","secondo","VESSEL_PLATE","SALMON","","FENNEL|ORANGE","","","READY_FOR_ASSET_INSTANTIATION"
"ft13","COMP_ft13","Merluzzo in crosta di pomodorini","secondo","VESSEL_PLATE","COD","","CHERRY_TOMATO|OLIVE","","","READY_FOR_ASSET_INSTANTIATION"
"ft14","COMP_ft14","Tofu saltato broccoli e sesamo","secondo","VESSEL_PLATE","TOFU","","BROCCOLI","","AGRODOLCE","READY_FOR_ASSET_INSTANTIATION"
"ft15","COMP_ft15","Tacchino in padella con zucchine","secondo","VESSEL_PLATE","TURKEY","","ZUCCHINI","","","READY_FOR_ASSET_INSTANTIATION"
"ft16","COMP_ft16","Frittata di albumi e spinaci","secondo","VESSEL_PLATE","EGG","","EGG_WHITE|SPINACH|GRANA","","","READY_FOR_ASSET_INSTANTIATION"
"ft17","COMP_ft17","Verdure al forno con paprika","contorno","VESSEL_PLATE","POTATO","","ZUCCHINI|PEPPER|ONION|RED_ONION","","","READY_FOR_ASSET_INSTANTIATION"
"ft18","COMP_ft18","Cavolfiore arrosto alla curcuma","contorno","VESSEL_PLATE","CAULIFLOWER","","LEMON","","","READY_FOR_ASSET_INSTANTIATION"
"ft19","COMP_ft19","Buddha bowl quinoa ceci e avocado","altro","VESSEL_BOWL","QUINOA","","CHICKPEA|CHERRY_TOMATO|SPINACH|AVOCADO","","","READY_FOR_ASSET_INSTANTIATION"
"ft20","COMP_ft20","Insalata di farro feta e pomodorini","altro","VESSEL_BOWL","FARRO","","FETA|CHERRY_TOMATO|ARUGULA|OLIVE","","","READY_FOR_ASSET_INSTANTIATION"
"sp01","COMP_sp01","Pasta in bianco","primo","VESSEL_BOWL","PASTA_LONG","","PARMESAN","","","READY_FOR_ASSET_INSTANTIATION"
"sp02","COMP_sp02","Riso basmati in bianco","primo","VESSEL_BOWL","RICE","","RICE_BASMATI|LEMON","","","READY_FOR_ASSET_INSTANTIATION"
"sp03","COMP_sp03","Pastina in brodo","primo","VESSEL_BOWL","PASTA_SHORT","PASTINA","PARMESAN","","","READY_FOR_ASSET_INSTANTIATION"
"sp04","COMP_sp04","Patatine fritte","contorno","VESSEL_PLATE","POTATO","","","","","READY_FOR_ASSET_INSTANTIATION"
"sp05","COMP_sp05","Rosti di patate","contorno","VESSEL_PLATE","POTATO","","BUTTER","","","READY_FOR_ASSET_INSTANTIATION"
"sp06","COMP_sp06","Torta salata zucchine e prosciutto cotto","antipasto","VESSEL_PLATE","CAKE","","HAM|EGG|ZUCCHINI|PARMESAN","","","READY_FOR_ASSET_INSTANTIATION"
"sp07","COMP_sp07","Torta salata patate e pancetta","antipasto","VESSEL_PLATE","CAKE","","PORK|EGG|POTATO|SCAMORZA","","","READY_FOR_ASSET_INSTANTIATION"
"sp08","COMP_sp08","Bowl fit di pollo e riso","secondo","VESSEL_BOWL","CHICKEN","","RICE|ZUCCHINI","","","READY_FOR_ASSET_INSTANTIATION"
"sp09","COMP_sp09","Frittata fit di albumi e tacchino","secondo","VESSEL_PLATE","EGG","","TURKEY|EGG_WHITE|SPINACH","","","READY_FOR_ASSET_INSTANTIATION"
"sp10","COMP_sp10","Wrap fit di pollo e yogurt","secondo","VESSEL_PLATE","CHICKEN","","PIADINA|CHERRY_TOMATO|GREEK_YOGURT|YOGURT","","","READY_FOR_ASSET_INSTANTIATION"
"sp11","COMP_sp11","Pancake fit di albumi e avena","colazione","VESSEL_PLATE","PANCAKE","","EGG_WHITE|BANANA","","","READY_FOR_ASSET_INSTANTIATION"
"sp12","COMP_sp12","Chili fit di manzo magro","secondo","VESSEL_PLATE","BEEF","","GROUND_BEEF|BEAN|TOMATO_SAUCE|TOMATO","","","READY_FOR_ASSET_INSTANTIATION"
"sp13","COMP_sp13","Poke fit di salmone","secondo","VESSEL_BOWL","SALMON","","RICE|EDAMAME|AVOCADO","","AGRODOLCE","READY_FOR_ASSET_INSTANTIATION"
"sp14","COMP_sp14","Toast fit tacchino e ricotta","altro","VESSEL_PLATE","TOAST","","TURKEY|BREAD|ARUGULA|RICOTTA","","","READY_FOR_ASSET_INSTANTIATION"
"sp15","COMP_sp15","Insalata fit di tonno e ceci","secondo","VESSEL_BOWL","TUNA","","CHICKPEA|ONION|RED_ONION","","","READY_FOR_ASSET_INSTANTIATION"
